job,company,ssn,residence,current_location,blood_group,website,username,name,sex,address,email,birthdate,phone_number
Contractor,"Davis, Miranda and Barajas",030-98-9485,"Unit 9646 Box 0242
DPO AP 86675","(Decimal('-14.036087'), Decimal('-117.072416'))",A+,['https://www.gomez.org/'],qgraham,Daniel Bass,M,"608 Blanchard Bridge
Brownchester, FL 74070",adrian02@gmail.com,1974-01-28,481-882-8550x11545
Medical secretary,Taylor-Fisher,563-74-7005,"USS Ferguson
FPO AP 84024","(Decimal('64.534911'), Decimal('-84.269039'))",B+,['http://www.turner-rose.net/'],vrose,Alexander Olson,M,"874 Yolanda Road
Port Shirleybury, ID 49470",jilljordan@hotmail.com,1920-09-07,+1-780-283-9228x75805
Child psychotherapist,Fowler-Webb,060-38-6546,"110 Timothy Field
Lindsaymouth, WV 55454","(Decimal('45.3877385'), Decimal('53.753554'))",A-,"['https://www.watts.com/', 'https://kelly-chambers.com/']",davidwright,Joseph Rodriguez,M,"3463 Vernon Underpass
Lake Leestad, GA 93544",tinanelson@yahoo.com,1977-05-17,(900)798-5405
Data processing manager,"Chavez, Pope and Brown",204-95-3746,"274 Shawn Vista
Anthonyland, AS 81799","(Decimal('-69.125831'), Decimal('-153.643788'))",B-,"['http://www.cardenas.net/', 'http://www.gilbert.com/', 'http://booker.com/']",fmartin,Clifford Johns,M,"56742 Harding Plain Suite 220
Larsenmouth, FL 66507",fclark@gmail.com,1923-12-10,+1-581-919-6894x86735
Retail buyer,"Brock, Hernandez and Garza",550-86-9229,"1973 Justin Manors Suite 219
New Bonniefort, IN 29496","(Decimal('31.5535045'), Decimal('-148.958260'))",B+,['https://www.white.com/'],erica79,Tina Yoder,F,"085 Evans Station Apt. 861
Riveratown, MI 86520",watkinsmonica@yahoo.com,2005-04-14,915-366-9667x56984
"Conservator, museum/gallery","Gibson, Ramsey and Evans",458-63-7141,"526 Brittany Terrace Suite 764
North David, GA 46449","(Decimal('-46.5949605'), Decimal('-149.804381'))",B+,"['https://www.vang.org/', 'https://www.berger.biz/']",michaelyoung,Cindy Coleman,F,"04941 Estes Row
Port Rebecca, WV 92852",eruiz@gmail.com,1958-02-11,922.295.7244x96858
Probation officer,"Rivera, Phillips and Wang",820-15-3260,"300 Fleming Stream
Adkinsburgh, VT 43438","(Decimal('-8.952472'), Decimal('44.542937'))",AB-,"['http://garza.com/', 'http://knox-terry.com/', 'http://barnett.com/']",brittneybaker,Elizabeth Downs,F,"272 Kayla Mountains Suite 573
Andreberg, ID 00532",joshua36@gmail.com,2010-12-08,5808647829
Tax adviser,Kennedy PLC,848-73-9002,"091 Annette Gateway Suite 589
North Jonburgh, VI 99083","(Decimal('50.685705'), Decimal('1.076079'))",B-,['https://lopez-wilson.com/'],mary27,Diana Butler,F,"356 Rivera Keys Suite 679
New Angelaborough, MT 43706",emily40@hotmail.com,1978-01-01,668-729-7055
Planning and development surveyor,"Mendoza, Lowery and Rose",694-91-8170,"63185 Patrick Stravenue Suite 722
Bethville, AR 47910","(Decimal('22.211873'), Decimal('-169.325356'))",A+,['https://www.robertson.net/'],katie77,Kevin Chandler,M,"538 Morgan Row
North Cheryl, ID 48133",robert04@yahoo.com,2003-07-19,001-387-362-3269
"Restaurant manager, fast food","Sanders, Brown and Campbell",282-89-8197,"6542 Williams Meadows
Peggyton, MA 01670","(Decimal('31.986342'), Decimal('-124.524375'))",B-,"['https://www.newton-allen.info/', 'http://www.mitchell.biz/', 'https://reynolds.com/']",icollins,Sheila Braun,F,"3445 Sutton Court Apt. 558
Shellyville, OR 94431",sergio24@hotmail.com,1941-05-29,001-414-837-8646x569
